{
    "commit": "566a9765",
    "compilation_date": "2023-09-27T15:41:33.927415",
    "compilation_flags": {
        "float_abi": "hard",
        "fshort_enums": false,
        "short_wchar": false
    },
    "compilation_str": "{'compilation_dict':{'api':{'env':'PROD','version':'v3'},'version':{'web_api':{'env':'PROD','version':'v3'},'local_api':{'version':'2023.08.29.0','platform':'win64'},'studio':'3.4.2'},'combination':[0,[0,1,25,23,15,6,18,19,22,2,4,20,21,13,26,12,11,10,24,9,8,7,17,16,5,14,3],27,0,20,128,5,1,3,2,3,0.92,0.0,0.0,1000000.0,0.61,0,0,0,1,0.57,0.75],'compilation_type':'on_board_training','compilation_flags':{'float_abi':'hard','short_wchar':false,'fshort_enums':false,'use_knowledge':false},'mcu':'cortex-m4_st_stm32f4_nucleo-f411re','sensor':'acc3','data':{'nb_cols':384,'nb_lines':[[101,101,101]]},'only_emulators':false,'lock_type':100,'learning_min_lines':40,'lib_version':'v2_566a976','class_names':'nominal,anomaly','performance':{'performance':{'score':0.996265,'precision':1.0,'precision_confidence_interval':[0.9936,1.0]},'memory_usage':{'estimated_ram':1760,'estimated_flash':2701,'estimated_flash_knowledge':380}},'info':{'progression':{'evals_done':150000,'optimization_progress':1.0,'elapsed_time':1457,'cpu_info':{'cpu_nb_cores':8,'cpu_nb_cores_for_optimization':6}},'max_ram':32000,'max_flash':null}},'sign':38738,'license_key':'***'}",
    "compilation_type": "on_board_training",
    "compile_emulators": true,
    "compile_library": true,
    "data": {
        "nb_cols": 384,
        "nb_lines": [
            [
                101,
                101,
                101
            ]
        ]
    },
    "gcc_version": "arm-none-eabi-gcc (GNU Tools for Arm Embedded Processors 9-2019-q4-major) 9.2.1 20191025 (release) [ARM/arm-9-branch revision 277599]",
    "learning_min_lines": 40,
    "lib_limited": true,
    "library_id": "65144d2f59e9e0e2a9d5be6a",
    "library_md5sum": "861d79d3b9b999ac9c41ded1824eb6f6",
    "mcu": "cortex-m4_st_stm32f4_nucleo-f411re",
    "mcu_cpn": "NUCLEO-F411RE",
    "mcu_family": "STM32F4",
    "mcu_type": "cortex-m4",
    "memory_usage": {
        "flash": 3569,
        "ram": 1772
    },
    "optimization_info": {
        "max_flash": null,
        "max_ram": 32000,
        "progression": {
            "cpu_info": {
                "cpu_nb_cores": 8,
                "cpu_nb_cores_for_optimization": 6
            },
            "elapsed_time": 1457,
            "evals_done": 150000,
            "optimization_progress": 1.0
        }
    },
    "performance": {
        "memory_usage": {
            "estimated_flash": 2701,
            "estimated_flash_knowledge": 380,
            "estimated_ram": 1760
        },
        "performance": {
            "precision": 1.0,
            "precision_confidence_interval": [
                0.9936,
                1.0
            ],
            "score": 0.996265
        }
    },
    "sensor": "acc3",
    "studio_info": {
        "local_api": {
            "platform": "win64",
            "version": "2023.08.29.0"
        },
        "studio": "3.4.2",
        "web_api": {
            "env": "PROD",
            "version": "v3"
        }
    },
    "user_info": {
        "company": "Xbots",
        "email": "kesaramalinda3@gmail.com",
        "first_name": "Kesara",
        "last_name": "Malinda"
    }
}